NNCGNN;D3A;D3B;D1;TET1;TET2;D3A*;D3Bhum*
AACGAA;0.132234077;0.441758242;0.550359253;0.530415707;0.555190881;0.171698747;0.324096279
AACGAC;0.141457101;0.417085427;0.39265376;0.698278836;0.647076071;0.119257962;0.274236144
AACGAG;0.141125774;0.599264706;0.333627121;0.613992202;0.823523832;0.153304558;0.370834885
AACGAT;0.128006873;0.505376344;0.509853144;0.607807524;0.906408234;0.105340288;0.33784101
AACGCA;0.149779736;0.304418985;0.602743188;0.435173279;0.218746866;0.20543174;0.2797957
AACGCC;0.258796585;0.485809683;0.38117184;0.312219619;0.199131488;0.169565657;0.310661851
AACGCG;0.119268235;0.408878505;0.50498277;0.471165988;0.1601068;0.14500582;0.270050112
AACGCT;0.215466802;0.378716745;0.618871965;0.464788111;0.249597929;0.152798859;0.265747261
AACGGA;0.146185356;0.422131148;0.608712089;0.62257145;0.528636666;0.211630336;0.303752649
AACGGC;0.183616692;0.580736544;0.54009757;0.543036522;0.511904883;0.151513908;0.343193825
AACGGG;0.145363409;0.509803922;0.33137487;0.481890686;0.421988001;0.176067436;0.319629916
AACGGT;0.131707317;0.505747126;0.688942464;0.755677516;0.810616961;0.141729807;0.290480401
AACGTA;0.147015084;0.294695481;0.79620847;0.649035282;0.606611115;0.247184905;0.32683492
AACGTC;0.245188505;0.389908257;0.471586215;0.67807637;0.718003345;0.186284189;0.302196468
AACGTG;0.063407407;0.245283019;0.497794919;0.689771899;0.585136963;0.151574846;0.261985772
AACGTT;0.120489297;0.324599709;0.585139654;0.589125238;0.919679411;0.120489297;0.324599709
ACCGAA;0.21111932;0.319057816;0.709760463;0.369176046;0.370976943;0.184655705;0.38175113
ACCGAC;0.203191728;0.257943925;0.561785063;0.294672011;0.380073592;0.145851183;0.329443661
ACCGAG;0.198639015;0.337837838;0.493627196;0.332985788;0.534896487;0.179910508;0.377387974
ACCGAT;0.187641866;0.328996283;0.674383651;0.522992608;0.622565579;0.13653316;0.391198393
ACCGCA;0.160857328;0.078504673;0.660012623;0.254148211;0.151312344;0.181342602;0.256766461
ACCGCC;0.306411531;0.145631068;0.495139593;0.139356164;0.111232448;0.199705765;0.171716633
ACCGCG;0.136612022;0.085714286;0.612222032;0.208927683;0.095157628;0.144572027;0.182608696
ACCGCT;0.274259152;0.107344633;0.750400253;0.28142826;0.160693154;0.179599455;0.176623136
ACCGGA;0.129061103;0.16988417;0.617501648;0.264944199;0.356600158;0.215830056;0.327919613
ACCGGC;0.181122449;0.334337349;0.631464319;0.292930576;0.33592101;0.153941506;0.255583309
ACCGGG;0.130089374;0.234939759;0.474957292;0.251231185;0.305818287;0.156559241;0.32537366
ACCGGT;0.144543974;0.252148997;0.791750942;0.374774894;0.528847841;0.144543974;0.252148997
ACCGTA;0.146551724;0.110878661;0.831441947;0.507232937;0.422452023;0.226988733;0.317734413
ACCGTC;0.279373368;0.129662522;0.570631514;0.366806577;0.542789849;0.199828838;0.287949541
ACCGTG;0.071667286;0.054054054;0.606379198;0.532718214;0.396353341;0.150856156;0.251642412
ACCGTT;0.151752297;0.075213675;0.737240183;0.460099678;0.686680371;0.141729807;0.290480401
AGCGAA;0.112347642;0.258181818;0.535625243;0.167378095;0.088349585;0.219971562;0.290566319
AGCGAC;0.112602291;0.212307692;0.33226804;0.129080277;0.105067782;0.168355475;0.210699301
AGCGAG;0.112543381;0.353741497;0.284056336;0.197673978;0.154677586;0.213395817;0.295868661
AGCGAT;0.113821138;0.280864198;0.464158597;0.235011074;0.214641083;0.165461988;0.250680546
AGCGCA;0.116130901;0.153153153;0.504341717;0.131211284;0.024627057;0.258346218;0.220095095
AGCGCC;0.217522659;0.274193548;0.270375147;0.046874228;0.023981798;0.223257801;0.188301593
AGCGCG;0.074589128;0.102564103;0.421921305;0.112678091;0.022584699;0.190640644;0.16322235
AGCGCT;0.199180328;0.215488215;0.514764402;0.122173243;0.037391785;0.199180328;0.215488215
AGCGGA;0.099678457;0.139705882;0.529810608;0.203070259;0.104641216;0.262296566;0.213520238
AGCGGC;0.125267666;0.384210526;0.452067297;0.16589452;0.101037246;0.181269984;0.245676692
AGCGGG;0.080557707;0.229166667;0.332727344;0.141151019;0.079760585;0.198657232;0.229027778
AGCGGT;0.084939759;0.245901639;0.617429057;0.224343045;0.199407373;0.179599455;0.176623136
AGCGTA;0.100176367;0.209726444;0.725501832;0.250242479;0.123184811;0.28364523;0.347312886
AGCGTC;0.183111519;0.226666667;0.39037979;0.250745786;0.180550882;0.20371588;0.266584107
AGCGTG;0.040547657;0.100558659;0.394676287;0.236389768;0.106367051;0.214034813;0.224936864
AGCGTT;0.090130916;0.152777778;0.507528178;0.263134704;0.21973113;0.152798859;0.265747261
ATCGAA;0.091211401;0.4453125;0.673535268;0.242622931;0.197513132;0.135894016;0.475998496
ATCGAC;0.106206897;0.367149758;0.518554202;0.248460446;0.199159737;0.099638603;0.406372807
ATCGAG;0.090719064;0.481132075;0.460777515;0.339073859;0.280994622;0.13387017;0.45567277
ATCGAT;0.09148581;0.494453249;0.649561185;0.370291422;0.339847421;0.09148581;0.494453249
ATCGCA;0.110493047;0.19778481;0.661926807;0.204169136;0.056558012;0.187087319;0.302304479
ATCGCC;0.251158749;0.326923077;0.504603233;0.116878153;0.044544328;0.192367474;0.271019678
ATCGCG;0.092218032;0.274038462;0.636864309;0.163791358;0.049133081;0.136595824;0.265853587
ATCGCT;0.217102838;0.220496894;0.740628817;0.22111883;0.062445988;0.165461988;0.250680546
ATCGGA;0.075057737;0.259259259;0.622841072;0.306579792;0.190253651;0.205960241;0.350819221
ATCGGC;0.122612172;0.545706371;0.601758332;0.265317451;0.170393288;0.137637447;0.434537968
ATCGGG;0.055345912;0.419689119;0.495438043;0.24491888;0.165267853;0.14308063;0.422807523
ATCGGT;0.085424453;0.453400504;0.74060238;0.370975261;0.318017262;0.13653316;0.391198393
ATCGTA;0.091661152;0.174911661;0.791908262;0.451714313;0.223384047;0.218457364;0.36803137
ATCGTC;0.198514239;0.239940387;0.600812188;0.380257506;0.292194414;0.170938251;0.339357949
ATCGTG;0.048723898;0.104278075;0.654725431;0.511019803;0.211072936;0.146889563;0.280378883
ATCGTT;0.082673703;0.170305677;0.7183737;0.403972399;0.36823436;0.105340288;0.33784101
CACGAA;0.257706767;0.388655462;0.357170124;0.598557033;0.471589369;0.182162207;0.282639419
CACGAC;0.278505476;0.418118467;0.209196371;0.571085024;0.563805008;0.160957552;0.241887516
CACGAG;0.260666667;0.461832061;0.169901341;0.556702815;0.681372815;0.181944312;0.280404085
CACGAT;0.245055227;0.456479691;0.32894924;0.61842739;0.808393237;0.146889563;0.280378883
CACGCA;0.281320949;0.267256637;0.41621122;0.445086172;0.177949536;0.2131537;0.227034912
CACGCC;0.41766055;0.419417476;0.156385822;0.321705718;0.1712928;0.229714796;0.254652558
CACGCG;0.234289024;0.338461538;0.307971923;0.383769816;0.129958874;0.158128119;0.207145461
CACGCT;0.387521968;0.349315068;0.432492375;0.385826798;0.232944672;0.214034813;0.224936864
CACGGA;0.249847095;0.318007663;0.382267078;0.569430979;0.46401999;0.201189743;0.221298913
CACGGC;0.292101341;0.533156499;0.336344011;0.484245632;0.458014214;0.177415984;0.284526967
CACGGG;0.212435233;0.43452381;0.189547025;0.607589821;0.366439272;0.162568243;0.268139098
CACGGT;0.230045027;0.449230769;0.460136603;0.643342399;0.777330394;0.150856156;0.251642412
CACGTA;0.28125;0.283662478;0.572516299;0.797535144;0.560161618;0.244782354;0.308032356
CACGTC;0.388432364;0.362601626;0.283127017;0.580346092;0.644497548;0.22756551;0.251571083
CACGTG;0.143925234;0.202941176;0.299692412;0.741018652;0.544386264;0.143925234;0.202941176
CACGTT;0.239742286;0.278688525;0.420728944;0.615241486;0.856938323;0.151574846;0.261985772
CCCGAA;0.247823175;0.391982183;0.585035752;0.291274807;0.41886259;0.187763287;0.449649628
CCCGAC;0.282458387;0.363256785;0.445560417;0.288604846;0.355519227;0.183108662;0.423691885
CCCGAG;0.241476133;0.436781609;0.381386097;0.400068235;0.568493157;0.195110826;0.438087774
CCCGAT;0.230815348;0.425925926;0.573489607;0.396500192;0.662613317;0.14308063;0.422807523
CCCGCA;0.210899873;0.17047817;0.495801916;0.238987659;0.134227785;0.209722571;0.228096228
CCCGCC;0.38267254;0.260368664;0.397068239;0.227482366;0.113167674;0.232100601;0.185739887
CCCGCG;0.178311499;0.153846154;0.511181021;0.224483627;0.12238175;0.153737391;0.236923077
CCCGCT;0.316756757;0.228888889;0.62939085;0.279989682;0.163329289;0.198657232;0.229027778
CCCGGA;0.168248175;0.3375;0.497454919;0.319947292;0.378441473;0.200892847;0.376670792
CCCGGC;0.235705471;0.536809816;0.494959541;0.257271563;0.330425229;0.177463441;0.377495817
CCCGGG;0.170504045;0.38410596;0.353275068;0.269854588;0.269271027;0.170504045;0.38410596
CCCGGT;0.183029107;0.41580756;0.656363504;0.457879131;0.509859011;0.156559241;0.32537366
CCCGTA;0.204766384;0.195011338;0.69640428;0.5522252;0.408899547;0.258480753;0.359553862
CCCGTC;0.356787491;0.202925046;0.478420135;0.414933236;0.571943897;0.235094776;0.254523747
CCCGTG;0.112701252;0.101754386;0.535884732;0.525426477;0.453122466;0.162568243;0.268139098
CCCGTT;0.206771463;0.12945591;0.615788316;0.534933111;0.719285772;0.176067436;0.319629916
CGCGAA;0.178610805;0.24382716;0.233996745;0.068466597;0.081485049;0.180881489;0.273213817
CGCGAC;0.207792208;0.251412429;0.090843652;0.09231964;0.097655732;0.147771251;0.213206215
CGCGAG;0.178401271;0.311258278;0.051668257;0.135608715;0.149265408;0.184015806;0.256837598
CGCGAT;0.180973616;0.257668712;0.212113411;0.15905523;0.183827555;0.136595824;0.265853587
CGCGCA;0.188364055;0.169270833;0.265761803;0.068142033;0.032529423;0.217251029;0.204293536
CGCGCC;0.3504164;0.292993631;0.011380598;0.044805195;0.026427301;0.218299368;0.173769543
CGCGCG;0.156642146;0.159624413;0.150909038;0.069755563;0.025290283;0.156642146;0.159624413
CGCGCT;0.306692161;0.223880597;0.216193152;0.071642388;0.036720894;0.190640644;0.16322235
CGCGGA;0.158667973;0.173184358;0.224987547;0.11418682;0.100724134;0.227919985;0.21566486
CGCGGC;0.188489968;0.395604396;0.215190551;0.094662493;0.067786896;0.151323748;0.222802198
CGCGGG;0.129163282;0.32;0.01;0.116913149;0.067567756;0.153737391;0.236923077
CGCGGT;0.152532032;0.279503106;0.339183734;0.180701953;0.168945554;0.144572027;0.182608696
CGCGTA;0.15971223;0.20959596;0.462414792;0.200266792;0.105239622;0.245960099;0.356668304
CGCGTC;0.268510259;0.25;0.134343695;0.148109398;0.122555243;0.188696953;0.280502392
CGCGTG;0.081967213;0.075829384;0.14347429;0.199280643;0.115182386;0.158128119;0.207145461
CGCGTT;0.170743405;0.131221719;0.263325369;0.170246305;0.198242349;0.14500582;0.270050112
CTCGAA;0.19411415;0.362318841;0.431223204;0.285042971;0.247096189;0.187173354;0.436577377
CTCGAC;0.193628319;0.309160305;0.296953722;0.268154051;0.235801003;0.14504111;0.373878398
CTCGAG;0.181060155;0.468992248;0.245583219;0.376421293;0.336553461;0.181060155;0.468992248
CTCGAT;0.177021277;0.430213465;0.477011717;0.427374106;0.460096366;0.13387017;0.45567277
CTCGCA;0.231810491;0.160599572;0.430551253;0.293696815;0.061263841;0.249176736;0.300179304
CTCGCC;0.374770136;0.278688525;0.319960134;0.174713784;0.074829501;0.253724134;0.261893282
CTCGCG;0.189630341;0.202416918;0.438103528;0.214183396;0.0500034;0.184015806;0.256837598
CTCGCT;0.314248252;0.237995825;0.524951882;0.252351255;0.110030377;0.213395817;0.295868661
CTCGGA;0.173716012;0.273356401;0.386132718;0.332861484;0.246181831;0.259351579;0.365920078
CTCGGC;0.221746117;0.527210884;0.418615132;0.317258453;0.2327397;0.200197677;0.455034014
CTCGGG;0.14874552;0.439393939;0.238491422;0.293140445;0.205759645;0.195110826;0.438087774
CTCGGT;0.161182001;0.416938111;0.510089321;0.376663191;0.379003232;0.179910508;0.377387974
CTCGTA;0.189842805;0.162109375;0.58290738;0.492247884;0.261512061;0.267776188;0.359046965
CTCGTC;0.324714073;0.191756272;0.38965479;0.396843036;0.360353325;0.234444948;0.326397617
CTCGTG;0.103221957;0.098976109;0.462438301;0.466599686;0.267086918;0.181944312;0.280404085
CTCGTT;0.165483342;0.142405063;0.536461642;0.422134298;0.45402472;0.153304558;0.370834885
GACGAA;0.139216158;0.330434783;0.554037303;0.528853699;0.486943563;0.238130939;0.320488047
GACGAC;0.149941657;0.332317073;0.394886285;0.570627266;0.529077711;0.171276098;0.280331765
GACGAG;0.144175824;0.461038961;0.350969264;0.625818962;0.63196678;0.234444948;0.326397617
GACGAT;0.143362263;0.43877551;0.543356591;0.707077776;0.85713321;0.170938251;0.339357949
GACGCA;0.14481306;0.18125;0.630302645;0.481569165;0.208640743;0.259566486;0.264742647
GACGCC;0.258340986;0.364238411;0.399926017;0.297720504;0.163790722;0.231638705;0.250182033
GACGCG;0.108883648;0.311004785;0.510570822;0.380412922;0.119169968;0.188696953;0.280502392
GACGCT;0.224320242;0.306501548;0.646472799;0.371290572;0.229311989;0.20371588;0.266584107
GACGGA;0.135191348;0.224358974;0.623458161;0.648397377;0.456887505;0.288197743;0.264249551
GACGGC;0.171001927;0.495192308;0.587986176;0.571213671;0.442747865;0.210753489;0.296691761
GACGGG;0.113402062;0.306122449;0.40956641;0.449413339;0.331462547;0.235094776;0.254523747
GACGGT;0.120284308;0.446236559;0.743867363;0.767947214;0.704331496;0.199828838;0.287949541
GACGTA;0.13030888;0.210909091;0.835032097;0.627719904;0.528066315;0.307049253;0.354690019
GACGTC;0.229057062;0.335227273;0.496388865;0.626715029;0.649814768;0.229057062;0.335227273
GACGTG;0.066698656;0.140540541;0.582590474;0.66374965;0.534390821;0.22756551;0.251571083
GACGTT;0.127379873;0.21448468;0.661147115;0.657644988;0.821320228;0.186284189;0.302196468
GCCGAA;0.167455621;0.237113402;0.681848169;0.274987531;0.414642048;0.184043268;0.409726152
GCCGAC;0.185253118;0.167630058;0.53664799;0.295902274;0.466773284;0.158262298;0.322945464
GCCGAG;0.178649237;0.382857143;0.484730006;0.357254629;0.594223455;0.200197677;0.455034014
GCCGAT;0.152662722;0.323369565;0.692235877;0.526377251;0.721277526;0.137637447;0.434537968
GCCGCA;0.14620462;0.067741935;0.640393025;0.237006735;0.174341138;0.203663239;0.281467122
GCCGCC;0.285927029;0.142857143;0.476320269;0.204526005;0.156102991;0.211868108;0.245585875
GCCGCG;0.114157527;0.05;0.624536995;0.22181905;0.139827448;0.151323748;0.222802198
GCCGCT;0.237272303;0.107142857;0.730741935;0.263735118;0.191492632;0.181269984;0.245676692
GCCGGA;0.11627907;0.074829932;0.624002463;0.387450869;0.411231831;0.220741161;0.306851963
GCCGGC;0.152934537;0.358208955;0.630495381;0.277870336;0.361949879;0.152934537;0.358208955
GCCGGG;0.119221411;0.218181818;0.45235191;0.280514123;0.315208552;0.177463441;0.377495817
GCCGGT;0.126760563;0.176829268;0.754235344;0.433507021;0.584549957;0.153941506;0.255583309
GCCGTA;0.126268778;0.092948718;0.790408069;0.547172877;0.466454467;0.249117653;0.359315889
GCCGTC;0.250505051;0.098191214;0.538597194;0.353651369;0.616187665;0.210753489;0.296691761
GCCGTG;0.062730627;0.035897436;0.632524389;0.568934185;0.472024976;0.177415984;0.284526967
GCCGTT;0.119411123;0.105651106;0.700453333;0.477676728;0.708614817;0.151513908;0.343193825
GGCGAA;0.137570744;0.15625;0.500943318;0.092429283;0.081866344;0.262675911;0.280871365
GGCGAC;0.130756111;0.218085106;0.383928009;0.117705589;0.085261962;0.201974792;0.238074811
GGCGAG;0.132678133;0.245098039;0.317719228;0.117441603;0.121494956;0.253724134;0.261893282
GGCGAT;0.133576199;0.215116279;0.49838689;0.154969583;0.157313219;0.192367474;0.271019678
GGCGCA;0.126027397;0.089108911;0.576295939;0.078392017;0.022406103;0.274537136;0.226372637
GGCGCC;0.263651407;0.201086957;0.314837431;0.047589547;0.024165052;0.263651407;0.201086957
GGCGCG;0.086182336;0.054545455;0.496537818;0.07454213;0.019850069;0.218299368;0.173769543
GGCGCT;0.228992944;0.102409639;0.574380981;0.067055245;0.033779924;0.223257801;0.188301593
GGCGGA;0.114544084;0.131578947;0.529299998;0.142467554;0.077046384;0.300772909;0.235504921
GGCGGC;0.137809187;0.348314607;0.533157049;0.134837056;0.069309153;0.211868108;0.245585875
GGCGGG;0.081528662;0.111111111;0.284148432;0.125651553;0.057146217;0.232100601;0.185739887
GGCGGT;0.093;0.197802198;0.628279381;0.16757845;0.152716149;0.199705765;0.171716633
GGCGTA;0.097546379;0.115606936;0.738006052;0.176094859;0.079287807;0.300005391;0.326843203
GGCGTC;0.204936425;0.136125654;0.426668268;0.152914769;0.119027384;0.231638705;0.250182033
GGCGTG;0.041769042;0.08988764;0.508777976;0.187168963;0.073283851;0.229714796;0.254652558
GGCGTT;0.080334728;0.135514019;0.590556803;0.144223093;0.15872921;0.169565657;0.310661851
GTCGAA;0.094855892;0.378289474;0.652896675;0.282998937;0.244995362;0.146617366;0.418311404
GTCGAC;0.094614997;0.388554217;0.528744751;0.305424112;0.307405396;0.094614997;0.388554217
GTCGAG;0.096453901;0.438596491;0.470865333;0.340692214;0.357016686;0.14504111;0.373878398
GTCGAT;0.093070309;0.445595855;0.699153545;0.41837913;0.427707065;0.099638603;0.406372807
GTCGCA;0.130434783;0.121546961;0.666172158;0.239804413;0.074120258;0.201719292;0.217955052
GTCGCC;0.273193473;0.258064516;0.525762024;0.165101811;0.074630927;0.201974792;0.238074811
GTCGCG;0.087750294;0.175;0.66985606;0.213277735;0.064600842;0.147771251;0.213206215
GTCGCT;0.224108659;0.209090909;0.736576326;0.235219588;0.105057301;0.168355475;0.210699301
GTCGGA;0.092298289;0.180124224;0.638994244;0.30765333;0.241737888;0.225961514;0.312187547
GTCGGC;0.131271478;0.47826087;0.638333835;0.296707951;0.228972398;0.158262298;0.322945464
GTCGGG;0.083758938;0.484126984;0.454124279;0.294122323;0.217271721;0.183108662;0.423691885
GTCGGT;0.088510638;0.400943396;0.760403391;0.435368611;0.393069748;0.145851183;0.329443661
GTCGTA;0.106243706;0.126373626;0.812645853;0.466555441;0.306423152;0.245337581;0.306043956
GTCGTC;0.192610539;0.228346457;0.607129694;0.337208546;0.378670834;0.171276098;0.280331765
GTCGTG;0.043409629;0.065656566;0.67758648;0.419197282;0.306312809;0.160957552;0.241887516
GTCGTT;0.097058824;0.131386861;0.784053802;0.428726091;0.455167575;0.119257962;0.274236144
TACGAA;0.351157407;0.538622129;0.745994374;0.824220409;0.524847146;0.286990411;0.377351266
TACGAC;0.384431456;0.485714286;0.553168729;0.658316468;0.57848434;0.245337581;0.306043956
TACGAG;0.345709571;0.555984556;0.520419223;0.82863486;0.724132643;0.267776188;0.359046965
TACGAT;0.345253576;0.561151079;0.686529508;0.845095705;0.921778457;0.218457364;0.36803137
TACGCA;0.390158172;0.403035413;0.761813128;0.525754061;0.216852137;0.333245397;0.348043386
TACGCC;0.502464403;0.53807947;0.519530495;0.413617843;0.19025162;0.300005391;0.326843203
TACGCG;0.332207968;0.503740648;0.667695825;0.577805636;0.124977125;0.245960099;0.356668304
TACGCT;0.467114094;0.484899329;0.777797844;0.632639233;0.235859162;0.28364523;0.347312886
TACGGA;0.325727773;0.428030303;0.738903492;0.712857577;0.514180151;0.293280378;0.333787015
TACGGC;0.371966527;0.62568306;0.714239028;0.799659552;0.4887002;0.249117653;0.359315889
TACGGG;0.312195122;0.524096386;0.534783502;0.766467906;0.424839346;0.258480753;0.359553862
TACGGT;0.307425743;0.524590164;0.852786927;0.885817996;0.804512923;0.226988733;0.317734413
TACGTA;0.357847819;0.420677362;0.99164872;0.997208221;0.612501331;0.357847819;0.420677362
TACGTC;0.483789625;0.498470948;0.629641489;0.765446386;0.731968103;0.307049253;0.354690019
TACGTG;0.208314707;0.332402235;0.716357321;1;0.561266909;0.244782354;0.308032356
TACGTT;0.347354727;0.358974359;0.784208228;0.78172301;1;0.247184905;0.32683492
TCCGAA;0.339622642;0.467213115;0.87964281;0.243366339;0.281023871;0.252842722;0.390386218
TCCGAC;0.359624739;0.444250871;0.742142083;0.295665975;0.284102408;0.225961514;0.312187547
TCCGAG;0.344987147;0.458483755;0.666080885;0.290524624;0.408358221;0.259351579;0.365920078
TCCGAT;0.336862745;0.442379182;0.853878071;0.383231811;0.517666002;0.205960241;0.350819221
TCCGCA;0.332681018;0.197781885;0.796541131;0.214154528;0.08141279;0.270898913;0.267905027
TCCGCC;0.487001733;0.339430894;0.671706076;0.142024497;0.067331521;0.300772909;0.235504921
TCCGCG;0.297171998;0.258145363;0.760365408;0.166440776;0.061296134;0.227919985;0.21566486
TCCGCT;0.424914676;0.287334594;0.856719024;0.193482983;0.118270895;0.262296566;0.213520238
TCCGGA;0.252983294;0.338403042;0.794733254;0.237944264;0.24492737;0.252983294;0.338403042
TCCGGC;0.325203252;0.538873995;0.767886608;0.182136584;0.204264496;0.220741161;0.306851963
TCCGGG;0.233537519;0.415841584;0.66353226;0.236807975;0.193758163;0.200892847;0.376670792
TCCGGT;0.30259901;0.485955056;0.913009115;0.352099922;0.413931342;0.215830056;0.327919613
TCCGTA;0.260832983;0.239543726;0.966766446;0.41898045;0.289477389;0.293280378;0.333787015
TCCGTC;0.441204139;0.304140127;0.718406717;0.394981909;0.410320747;0.288197743;0.264249551
TCCGTG;0.152532391;0.124590164;0.736359742;0.458136499;0.327557517;0.201189743;0.221298913
TCCGTT;0.277075316;0.18537415;0.862425741;0.445676972;0.528403655;0.211630336;0.303752649
TGCGAA;0.255170113;0.317460317;0.666886165;0.125672361;0.089546689;0.248833082;0.281751741
TGCGAC;0.273003802;0.314363144;0.47341339;0.100730139;0.082848726;0.201719292;0.217955052
TGCGAG;0.266542981;0.439759036;0.427685239;0.158458217;0.141694155;0.249176736;0.300179304
TGCGAT;0.263681592;0.406824147;0.600060431;0.204440153;0.168920354;0.187087319;0.302304479
TGCGCA;0.286680189;0.285359801;0.659981494;0.096392555;0.022204396;0.286680189;0.285359801
TGCGCC;0.423046875;0.363636364;0.39234619;0.081060159;0.019900393;0.274537136;0.226372637
TGCGCG;0.246138002;0.239316239;0.542277891;0.084484383;0.014504631;0.217251029;0.204293536
TGCGCT;0.400561535;0.287037037;0.631486917;0.094304497;0.028421351;0.258346218;0.220095095
TGCGGA;0.209116809;0.338028169;0.634974452;0.151036577;0.093225513;0.270898913;0.267905027
TGCGGC;0.261121857;0.495192308;0.599192633;0.121683617;0.082863849;0.203663239;0.281467122
TGCGGG;0.20854527;0.285714286;0.408800656;0.12701289;0.067775388;0.209722571;0.228096228
TGCGGT;0.201827875;0.435028249;0.705925978;0.212086591;0.141473766;0.181342602;0.256766461
TGCGTA;0.276332623;0.29305136;0.798095626;0.212866343;0.092491613;0.333245397;0.348043386
TGCGTC;0.374319913;0.348235294;0.480812398;0.213934786;0.124087955;0.259566486;0.264742647
TGCGTG;0.14498645;0.186813187;0.520677565;0.228814082;0.095807914;0.2131537;0.227034912
TGCGTT;0.261083744;0.255172414;0.610956248;0.171485105;0.178250217;0.20543174;0.2797957
TTCGAA;0.188904494;0.468907563;0.692375589;0.232303046;0.100039249;0.188904494;0.468907563
TTCGAC;0.19837884;0.458333333;0.548063264;0.233021875;0.098314693;0.146617366;0.418311404
TTCGAG;0.180232558;0.510835913;0.547119525;0.231159411;0.146293348;0.187173354;0.436577377
TTCGAT;0.180576631;0.506684492;0.681624668;0.308937065;0.184798986;0.135894016;0.475998496
TTCGCA;0.242496051;0.246043165;0.658901488;0.161296509;0.02727715;0.248833082;0.281751741
TTCGCC;0.387781078;0.40549273;0.555158489;0.106410878;0.018807356;0.262675911;0.280871365
TTCGCG;0.183152174;0.302600473;0.702600738;0.143360421;0.023348291;0.180881489;0.273213817
TTCGCT;0.327595481;0.32295082;0.768778352;0.150610657;0.039383023;0.219971562;0.290566319
TTCGGA;0.166062802;0.313559322;0.640525459;0.247433286;0.106337259;0.252842722;0.390386218
TTCGGC;0.200630915;0.582338902;0.639332716;0.172096518;0.08186197;0.184043268;0.409726152
TTCGGG;0.127703399;0.507317073;0.509083235;0.162657537;0.080009229;0.187763287;0.449649628
TTCGGT;0.15819209;0.444444444;0.794746511;0.274928627;0.164470926;0.184655705;0.38175113
TTCGTA;0.222823414;0.216080402;0.824741563;0.306387622;0.106548845;0.286990411;0.377351266
TTCGTC;0.337045721;0.310541311;0.659919622;0.29527954;0.154623613;0.238130939;0.320488047
TTCGTG;0.106617647;0.176623377;0.692922626;0.334776037;0.10829077;0.182162207;0.282639419
TTCGTT;0.211163416;0.206434316;0.786447411;0.324534437;0.221768272;0.171698747;0.324096279
